"plot","lat","long","alphas","Valpha","W1","W2"
1,-12.4395668471588,49.1453666666667,0.545820375934021,0.136108672680115,0.784077800636693,-0.265404695568163
2,-12.4485498445427,49.1361672349141,0.314285713847044,0.136108672680115,0.202520145721585,0.310666855054936
3,-12.4485498445427,49.1545660984192,0.152929991400985,0.136108672680115,0.139742149005776,-0.359868671830721
4,-12.44855,49.1453666666667,0.0513535113485155,0.136108672680115,0.550621302089493,-0.72890220529617
5,-12.4575331528412,49.1453666666667,0.0488320501050006,0.136108672680115,0.169234745664725,-0.699999107780909
6,-12.5862835138255,49.1814666666667,-0.482449751884023,0.136108672680115,1.08693915655959,-0.187273675076689
7,-12.5952665093172,49.172262001537,-0.0765500659210014,0.136108672680115,1.08174028796853,-0.53291640451333
8,-12.5952665093172,49.1906713317964,-0.0313011321034425,0.136108672680115,0.889495163058151,-0.415547974233956
9,-12.5952666666667,49.1814666666667,0.284549408495018,0.136108672680115,0.847228717111402,-0.175878531997488
10,-12.6042498195079,49.1814666666667,-0.125401735263787,0.136108672680115,0.967524291020804,-0.236516354559824
11,-12.7029668471588,49.544,-0.180379488784699,0.136108672680115,-0.870075229428953,0.755878272373629
12,-12.7119498411441,49.5347911253992,0.151593963368394,0.136108672680115,-0.195479328304157,1.3151637311388
13,-12.7119498411441,49.5532088746008,0.0969845453803833,0.136108672680115,-0.492593712289078,1.49146321553283
14,-12.71195,49.544,0.273252285002317,0.136108672680115,-0.193090523956644,0.737348403847709
15,-12.7209331528412,49.544,-0.0124691525717318,0.136108672680115,0.28864846327924,0.84240611193029
16,-13.1349001804921,49.46125,0.675627584300056,0.136108672680115,0.960601165315225,-0.134463745973446
17,-13.1438831688888,49.4520251760309,0.0966723394754088,0.136108672680115,-0.585755621289694,0.117425389278475
18,-13.1438831688888,49.4704748239691,0.0088044257620751,0.136108672680115,-0.512730919971515,-0.767577946536653
19,-13.1438833333333,49.46125,0.25689630777003,0.136108672680115,1.02317835767235,-0.518363228413104
20,-13.1528664861745,49.46125,0.122239100238645,0.136108672680115,0.947032074505247,0.815062699164941
21,-13.3538168471588,49.16235,0.407791874386418,0.136108672680115,-0.321947110988733,0.57005114518144
22,-13.3627998327155,49.153116870698,0.49288799560573,0.136108672680115,-0.119937314574208,0.0853453873468708
23,-13.3627998327155,49.171583129302,0.487372836951858,0.136108672680115,0.459442859895802,-0.108492184647838
24,-13.3628,49.16235,0.264483512208647,0.136108672680115,0.00295054618654115,1.75059735485455
25,-13.3717831528412,49.16235,0.233046688223819,0.136108672680115,-0.43395077342173,0.37500903807005
26,-13.4004335138255,48.3228666666667,-0.131667400376988,0.136108672680115,-0.291659877706111,-0.314232596675113
27,-13.4094164987768,48.3136317494561,0.00118280705349106,0.136108672680115,-0.173615537627233,-0.340369991259212
28,-13.4094164987768,48.3321015838772,-0.173096312102169,0.136108672680115,-0.479184121127399,-0.826710337414914
29,-13.4094166666667,48.3228666666667,-0.369941059100372,0.136108672680115,-0.280449844664864,-0.541958135802275
30,-13.4183998195079,48.3228666666667,-0.588670129529197,0.136108672680115,-0.689530137696551,-0.0599132807933353
31,-13.4386668471588,49.2011,0.622787637652273,0.136108672680115,0.263385995497287,-0.047796914927298
32,-13.4473835138255,48.9140833333333,0.121452547796268,0.136108672680115,-0.309485700808189,-0.669315812762741
33,-13.4476498316134,49.191863611329,0.411176257675351,0.136108672680115,-0.125624640013594,0.036378990317651
34,-13.4476498316134,49.210336388671,0.469399536750399,0.136108672680115,0.81846368557409,-0.675373967531623
35,-13.44765,49.2011,0.564326159453732,0.136108672680115,-0.0136477858450256,-0.0147370028887685
36,-13.4563664981668,48.9048466085485,-0.0231890845019469,0.136108672680115,-0.122574617702881,0.199555333981947
37,-13.4563664981668,48.9233200581182,-0.555000086389757,0.136108672680115,-1.2681825921931,0.819900391369542
38,-13.4563666666667,48.9140833333333,0.0127251761701564,0.136108672680115,0.711004149071382,-0.752694613335545
39,-13.4566331528412,49.2011,0.302204358098426,0.136108672680115,-0.0806074997450466,-0.477152568863617
40,-13.4653498195079,48.9140833333333,-0.334392880812217,0.136108672680115,1.15854422306966,1.63656679327925
41,-13.5523835138255,49.5407333333333,-0.467603336752054,0.136108672680115,0.937445416497366,0.526222953251951
42,-13.5613664968018,49.5314925410245,-0.591898301044948,0.136108672680115,0.473142769635698,-0.992354582922474
43,-13.5613664968018,49.5499741256422,-0.242445192758018,0.136108672680115,-0.122134315115339,-1.39489574788932
44,-13.5613666666667,49.5407333333333,-0.241305139024339,0.136108672680115,1.00969728642893,-1.09484336742392
45,-13.5703498195079,49.5407333333333,-0.611491452892636,0.136108672680115,0.092253307059147,-0.17010558181723
46,-13.5993168471588,49.5101833333333,0.271374153742634,0.136108672680115,0.104714369126088,-1.40912115952869
47,-13.6082998295246,49.5009407117061,0.283121718969925,0.136108672680115,-0.260597261745067,-1.27735170378273
48,-13.6082998295246,49.5194259549605,0.369421028326507,0.136108672680115,0.556788164703227,-0.809883340726388
49,-13.6083,49.5101833333333,0.277152706757018,0.136108672680115,0.385861243533343,-0.368705650034353
50,-13.6172831528412,49.5101833333333,0.0462118953184448,0.136108672680115,0.745608480664018,-0.578750220975182
51,-13.7091835138255,49.3944333333333,-0.0721940200822243,0.136108672680115,-0.561162890331698,-1.43788257960085
52,-13.7181664947611,49.3851864023332,-0.217265351787832,0.136108672680115,0.223053660795133,0.483581097782399
53,-13.7181664947611,49.4036802643335,-0.199268858204651,0.136108672680115,0.54552454288493,-0.826097879211361
54,-13.7181666666667,49.3944333333333,-0.0919179579695014,0.136108672680115,0.141030867063662,-0.261073079023124
55,-13.7271498195079,49.3944333333333,-0.109083710837013,0.136108672680115,-0.220188311376147,-0.0575501403005045
56,-13.7382835138255,48.5407333333333,-0.337424676617832,0.136108672680115,0.139798048153192,0.307937333744511
57,-13.7401001804921,48.5601833333333,-0.438506119878208,0.136108672680115,-0.759507248182369,-0.0166121397480046
58,-13.7472664943821,48.5499814121127,-0.593638967204878,0.136108672680115,0.389555003245552,0.0188110109248765
59,-13.7472666666667,48.5407333333333,-0.808286242505832,0.136108672680115,-1.28762115986257,-0.747801108740428
60,-13.7490831610251,48.5509351828113,-0.241941179132951,0.136108672680115,-0.0770845519657196,-0.70395964238314
61,-13.7490831610251,48.5694314838553,-0.113621489091523,0.136108672680115,-0.345787966933562,-0.732560077737318
62,-13.7490833333333,48.5601833333333,-0.587679246183168,0.136108672680115,-0.346030362829106,0.209981443961372
63,-13.7562498195078,48.5407333333333,-0.658583537569346,0.136108672680115,-0.554092602920023,-1.4685159402838
64,-13.7580664861745,48.5601833333333,-0.128534281825575,0.136108672680115,-0.0162838471063425,-0.208397747481922
65,-13.7689835138255,49.60555,-0.107761108775042,0.136108672680115,-0.935266653513787,-0.821808093729278
66,-13.7712168471588,48.1043333333333,0.143847061034397,0.136108672680115,0.281353311953732,-0.346084272851565
67,-13.7779664939821,49.5963007074377,-0.324925016019387,0.136108672680115,-0.488415476615254,0.307772561420867
68,-13.7779664939821,49.6147992925623,0.175703101942233,0.136108672680115,-0.443496359455255,-0.690036615820335
69,-13.7779666666667,49.60555,-0.0305264461405429,0.136108672680115,0.117352883644751,0.00236620830973707
70,-13.7801998272864,48.0950839523559,0.121350396563962,0.136108672680115,-0.588466313201688,-0.48318385835134
71,-13.7801998272864,48.1135827143108,-0.0914128982834283,0.136108672680115,-0.31438692807696,0.666852154759513
72,-13.7802,48.1043333333333,0.00742122827523486,0.136108672680115,-0.565784301431572,0.532795236308246
73,-13.7869498195079,49.60555,-0.0911441273284393,0.136108672680115,-0.418315354485216,0.438160706026889
74,-13.7891831528412,48.1043333333333,0.103946778117234,0.136108672680115,-0.633325833873004,0.761850792427475
75,-13.9219168471588,48.7814666666667,-0.0198493717452889,0.136108672680115,0.894499843770519,0.670634693440175
76,-13.9308998253214,48.7722112832363,-0.102718020612233,0.136108672680115,1.27073883141914,0.611761933013376
77,-13.9308998253214,48.790722050097,0.14000757049471,0.136108672680115,1.59774411895953,0.611126609115829
78,-13.9309,48.7814666666667,-0.0310652907500869,0.136108672680115,1.36876079876025,1.07702335776409
79,-13.9398831528412,48.7814666666667,-0.118502855455195,0.136108672680115,1.17918580545375,0.56898897858776
80,-14.0299835138255,48.2926333333333,-0.242845031752641,0.136108672680115,0.980476010542869,-0.775591758303951
81,-14.0389664905775,48.3018930653688,-0.441644606997709,0.136108672680115,0.76049510947312,-0.259380281147362
82,-14.0389666666667,48.2926333333333,-0.310232173124082,0.136108672680115,1.05830707312781,-0.857652580201072
83,-14.0417335138255,48.3197,-0.320262840784859,0.136108672680115,0.669114692899981,-0.165456546321723
84,-14.050716490424,48.3104397929119,-0.181680403588299,0.136108672680115,0.691943156016661,-0.428757763359044
85,-14.0507166666667,48.3197,0.103645416192642,0.136108672680115,1.03548410450751,-0.784210928565833
86,-14.105066489714,48.2918375898375,-0.261258873219864,0.136108672680115,-0.44369563972925,0.313437138163317
87,-14.1050666666667,48.3011,-0.402844517147228,0.136108672680115,-0.190270265523904,0.054409085949485
88,-14.1140498195079,48.3011,-0.144468382430644,0.136108672680115,-1.18453272910498,-0.0336688050966723
89,-14.1747668471588,48.9611,0.0989822952487063,0.136108672680115,0.621105519880042,1.19540426542286
90,-14.1837498220189,48.9518343837782,-0.156329114805253,0.136108672680115,-0.262317749484417,0.560054075576498
91,-14.1837498220189,48.9703656162218,-0.141619158478701,0.136108672680115,-0.203541195752453,1.16116432873308
92,-14.18375,48.9611,-0.0459097105187909,0.136108672680115,-0.285697336012875,0.498971441500439
93,-14.2356668471588,49.0119833333333,-0.244657912597807,0.136108672680115,0.00129278979028116,0.568694973272833
94,-14.2446498212223,49.0212514445356,-0.0283169878875425,0.136108672680115,-0.460490459386138,0.552649356785778
95,-14.24465,49.0119833333333,-0.153668148857363,0.136108672680115,-0.228434661434473,0.524253219399161
96,-14.2536331528412,49.0119833333333,0.00017968442307154,0.136108672680115,0.236025830072732,0.207478382319799
97,-14.2942164872403,49.0787298494018,-0.0108946304834937,0.136108672680115,-0.811606909302241,-0.0737006654083653
98,-14.2942164872403,49.0972701505982,-0.116040817952025,0.136108672680115,-0.836652784965765,0.607095322341886
99,-14.2942166666667,49.088,-0.507589228978323,0.136108672680115,-1.01635189629228,1.12319538872677
100,-14.3031998195079,49.088,-0.223969860751392,0.136108672680115,-0.241286681425254,1.54955371122932
101,-14.3321668471588,48.5173666666667,-0.291646675969562,0.136108672680115,0.205927760542034,-0.286663013446606
102,-14.3411498199592,48.5266387555384,-0.215518233617689,0.136108672680115,0.294577613783831,-0.126416672941852
103,-14.34115,48.5173666666667,-0.376613244616435,0.136108672680115,-0.00951217797767938,0.254616159747381
104,-14.3501331528412,48.5173666666667,-0.883732370309514,0.136108672680115,-0.6448165375467,1.11363131688009
105,-14.3502168471588,49.1179666666667,-0.331946178536604,0.136108672680115,-0.17636336503234,0.149411482204606
106,-14.3591998197229,49.1086938304855,0.161016309499092,0.136108672680115,-0.0148470976317325,0.156227927077985
107,-14.3592,49.1179666666667,-0.211531251496051,0.136108672680115,-0.169466939000259,0.495018129337273
108,-14.3681831528412,49.1179666666667,0.114557014441393,0.136108672680115,-1.17156508475679,-0.249124524086328
109,-14.3768835138255,48.7174666666667,0.238759218252359,0.136108672680115,1.04208454042695,1.03224077894025
110,-14.3858664860403,48.7081927245222,0.0908705640220787,0.136108672680115,1.15050533836311,0.917065565505139
111,-14.3858666666667,48.7174666666667,-0.248744813570535,0.136108672680115,0.00490010554245268,0.848022745610357
112,-14.3948498195079,48.7174666666667,-0.126881853585449,0.136108672680115,0.32097982680918,1.31752797757292
113,-14.4314335138255,49.3432833333333,-0.0866133864595453,0.136108672680115,-0.383581436961427,0.194423212301687
114,-14.4404164853255,49.3525595449468,0.0366367913319256,0.136108672680115,-1.18019361802879,-0.756578053049688
115,-14.4404166666667,49.3432833333333,-0.172989154946485,0.136108672680115,-1.32031918294367,-0.444703240383339
116,-14.4493998195079,49.3432833333333,-0.29011301321857,0.136108672680115,-0.603889419844622,0.780967407890509
117,-14.5291001804921,49.6904666666667,-0.0580738356926275,0.136108672680115,-0.716875633796842,-0.190195437671292
118,-14.5315501804921,49.96295,-0.393762822449454,0.136108672680115,-0.774898630002643,0.467367738388883
119,-14.5380831507116,49.6997469653488,0.229317273207279,0.136108672680115,-0.328150080794398,-0.0949841757390633
120,-14.5380833333333,49.6904666666667,-0.348258159149191,0.136108672680115,-1.38985269935952,0.364465225119651
121,-14.5405331506795,49.9536695983994,-0.290960166139102,0.136108672680115,0.746503015775594,1.16533566507882
122,-14.5405333333333,49.96295,0.0943581742651994,0.136108672680115,0.131152702483323,0.00543722264672177
123,-14.5470664861745,49.6904666666667,0.0943027190780432,0.136108672680115,-0.349422166631437,0.0522650857750096
124,-14.5495164861745,49.96295,-0.159895864868437,0.136108672680115,-0.203686327752009,0.545676465672
125,-14.5518168471588,49.8611,0.316072700735,0.136108672680115,0.56990504373041,-0.166821670659832
126,-14.5540668471588,49.7777666666667,0.143182393815265,0.136108672680115,0.14005171457218,0.710807706884385
127,-14.5607998170803,49.8703812536921,-0.600238632216208,0.136108672680115,0.210294126927063,0.0634121378067449
128,-14.5608,49.8611,0.117661723279122,0.136108672680115,0.28873591282982,0.685785012793045
129,-14.5630498170508,49.7684853182943,-0.0676974889360496,0.136108672680115,-0.00755315666129414,1.00487192549174
130,-14.56305,49.7777666666667,0.179537142883255,0.136108672680115,0.526341478666697,1.36408847853533
131,-14.5720331528412,49.7777666666667,0.251469873809169,0.136108672680115,0.634152955099786,0.700045928390099
132,-14.7171168471588,49.4822166666667,-0.300622738380932,0.136108672680115,-0.505149075531914,0.635758071779659
133,-14.7260998149099,49.4915049194945,0.0326770511742794,0.136108672680115,-0.154445633235214,-0.0866207992748366
134,-14.7261,49.4822166666667,-0.000294609846106173,0.136108672680115,-0.542757124908659,0.534679924974964
135,-14.7350831528412,49.4822166666667,0.0196122702727178,0.136108672680115,-0.340129167735219,0.59346295066357
136,-14.7657835138255,49.6620333333333,0.0734661365179449,0.136108672680115,-0.395384685804453,-0.310418396775039
137,-14.7747664809369,49.6527430031083,-0.177021883383629,0.136108672680115,0.00125847336024615,1.3517272693498
138,-14.7747664809369,49.6713236635584,-0.0544973640607281,0.136108672680115,-0.792713791947805,-1.30731295823412
139,-14.7747666666667,49.6620333333333,-0.165072904937461,0.136108672680115,-0.126955717095711,0.201611054359203
140,-14.8919168471588,49.4907333333333,0.118175851711322,0.136108672680115,0.189791176267342,-0.21604820700937
141,-14.9008998126112,49.4814375833917,-0.10496290615459,0.136108672680115,0.502454737340779,1.11599231490352
142,-14.9008998126112,49.5000290832749,-0.156051282650334,0.136108672680115,-0.120703731610081,0.749762816424327
143,-14.9009,49.4907333333333,0.153486611964711,0.136108672680115,1.26602679009398,1.29061031872161
144,-15.1478335138255,47.1641666666667,0.499506666053586,0.136108672680115,-0.866851560092458,0.610840804740078
145,-15.1526835138255,49.8227666666667,-0.170145456188592,0.136108672680115,-1.0075040946431,-0.933825877037429
146,-15.1558668471588,47.5,-0.154031853720851,0.136108672680115,0.594744024159794,1.23772087424507
147,-15.1568164759057,47.1548597622732,0.37763655240656,0.136108672680115,0.0748666375969412,-1.65233910205278
148,-15.1568164759057,47.1734735710601,0.949329122530401,0.136108672680115,-0.665579540270633,-1.07669624922069
149,-15.1568166666667,47.1641666666667,0.298218582335383,0.136108672680115,0.0787062336986026,-1.5888133137294
150,-15.1616664758417,49.8134595488278,-0.559311161881258,0.136108672680115,-0.870689117165791,0.597358707035471
151,-15.1616664758417,49.8320737845055,-0.168350865812644,0.136108672680115,-0.99940092155355,-1.34513794834852
152,-15.1616666666667,49.8227666666667,-0.592793009647398,0.136108672680115,-2.04085502682302,-1.11754412482702
153,-15.164849809133,47.4906927420231,-0.0530781021100877,0.136108672680115,-1.56594356386238,0.872742597276188
154,-15.164849809133,47.5093072579769,0.159073724550387,0.136108672680115,0.0345276986434163,-0.342539052992107
155,-15.16485,47.5,0.194374966086041,0.136108672680115,-0.522206398443224,0.690094293884459
156,-15.1657998195079,47.1641666666667,0.397995743655374,0.136108672680115,-0.535751537531285,-2.74920669266373
157,-15.1706498195079,49.8227666666667,-0.699780520315511,0.136108672680115,-1.94932562432757,-0.393282469630069
158,-15.1892001804921,49.7175833333333,-0.119845314938833,0.136108672680115,-1.48841957101446,-2.00842680020051
159,-15.1981831420265,49.7082746059628,-0.0921526008648865,0.136108672680115,-0.486054342084026,-0.518928649304046
160,-15.1981831420265,49.7268920607039,0.11546093299175,0.136108672680115,1.26314133829039,0.86343163777707
161,-15.1981833333333,49.7175833333333,-0.139001982291066,0.136108672680115,-1.72343290283178,-1.52343155343289
162,-15.1982168471588,50.1550833333333,0.0201829203086777,0.136108672680115,-1.22761181773825,0.393239167009266
163,-15.2071664861745,49.7175833333333,0.161899787146392,0.136108672680115,0.85380704565687,0.656048364199223
164,-15.2071998085741,50.1457742078706,-0.388922637421699,0.136108672680115,-1.15332372553131,0.708301116607372
165,-15.2072,50.1550833333333,0.093498488770304,0.136108672680115,-1.14993822397283,0.68866750928852
166,-15.2161831528412,50.1550833333333,-0.344439645903951,0.136108672680115,-1.09808796877732,0.411990718039213
167,-15.2332335138255,50.0327666666667,-0.0945070857083702,0.136108672680115,-0.827032172260535,0.275493894220457
168,-15.2422164747785,50.0420773406496,0.272208168861224,0.136108672680115,0.09305448163076,0.193957513905999
169,-15.2422166666667,50.0327666666667,0.366961252888735,0.136108672680115,-0.613184627930121,-0.164288671317198
170,-15.2511998195079,50.0327666666667,0.19163682792247,0.136108672680115,-0.577409030107886,-0.330257153933266
171,-15.2973168471588,49.4027666666667,0.276079679002934,0.136108672680115,-0.831982538147222,-0.0646234872490672
172,-15.3062998072655,49.3934531484211,0.257750535989688,0.136108672680115,-0.569433258650682,-0.643586835751843
173,-15.3062998072655,49.4120801849123,0.0548919622083386,0.136108672680115,-0.994259413109019,0.497852519411109
174,-15.3063,49.4027666666667,0.317552870787595,0.136108672680115,-0.872555099765043,-0.580707805087957
175,-15.3108335138255,50.1458333333333,0.411558275800722,0.136108672680115,-0.0942706445392459,-1.41747909580365
176,-15.3152831528412,49.4027666666667,0.0667983673742952,0.136108672680115,-1.18613613541071,0.0191789312917035
177,-15.3198164737536,50.1365192134564,0.15682718060309,0.136108672680115,0.134891329812705,-1.55404669187638
178,-15.3198164737536,50.1551474532103,0.0693213611002271,0.136108672680115,0.639014663930889,-0.646568012371135
179,-15.3198166666667,50.1458333333333,0.435884236155906,0.136108672680115,0.287233049299641,-0.990232583493591
180,-15.3671335138255,50.0416666666667,0.107640430537825,0.136108672680115,-0.251749924028191,-0.706459012925127
181,-15.3696335138255,46.8526,-0.149829765099131,0.136108672680115,-1.96424522255083,-0.913482967809739
182,-15.3761164730095,50.0323500344428,-0.290184703763099,0.136108672680115,-0.495927053134619,-0.146272078040282
183,-15.3761164730095,50.0509832988905,0.185809649466389,0.136108672680115,-0.152565623408651,0.684526680881285
184,-15.3761166666667,50.0416666666667,0.282619273744266,0.136108672680115,0.136677849954525,0.573638270254264
185,-15.3786164729764,46.8432832559754,0.0443361380357227,0.136108672680115,-0.339648472998904,1.48966000702023
186,-15.3786166666667,46.8526,0.457842124819944,0.136108672680115,-1.61755235216666,-0.966214364909532
187,-15.3850998195079,50.0416666666667,-0.0485152199722155,0.136108672680115,0.324833582421139,1.5554162421555
188,-15.4027668471588,49.2083333333333,0.0845235650914283,0.136108672680115,-0.474338957617869,0.0180083496024767
189,-15.4031668471588,50.1574,0.112695713510442,0.136108672680115,-0.255697940694051,0.183002600210475
190,-15.4097835138255,49.3675333333333,0.139525522799267,0.136108672680115,-1.09248691081128,-0.259571017882167
191,-15.4117498058716,49.1990151056469,0.00171672261487493,0.136108672680115,0.74570715871326,0.977263243278809
192,-15.4117498058716,49.2176515610197,0.0517070358456188,0.136108672680115,-0.209640407680865,1.3482284462941
193,-15.41175,49.2083333333333,0.253941191106979,0.136108672680115,-0.0975892811435555,0.255066788092493
194,-15.4121498058663,50.1667182456197,0.505377850219065,0.136108672680115,-0.242530417506199,-0.225094876502553
195,-15.41215,50.1574,0.284706284134393,0.136108672680115,-0.0634237579229619,-0.611028736105622
196,-15.4187664724455,49.3582147909904,0.0259755920346257,0.136108672680115,-0.45868331102463,-0.229509646759658
197,-15.4187666666667,49.3675333333333,0.452839015483031,0.136108672680115,-0.988763036568827,-0.300980459880753
198,-15.4207331528412,49.2083333333333,0.231182043076524,0.136108672680115,-0.25161658726366,0.535316213033759
199,-15.4211331528412,50.1574,0.156744309736452,0.136108672680115,0.145600562573944,-0.169869010469878
200,-15.4277498195079,49.3675333333333,0.140857550922388,0.136108672680115,-0.693760328412822,-0.0557548321541797
201,-15.5002335138255,47.7350666666667,-0.284336543544901,0.136108672680115,0.272821284559029,0.547218808599868
202,-15.5092164712487,47.7257440537449,-0.23246886800856,0.136108672680115,-0.498389032067833,0.0770053872412109
203,-15.5092164712487,47.7443892795884,0.170049216023026,0.136108672680115,-0.0198992491648584,0.327502889074579
204,-15.5092166666667,47.7350666666667,-0.329386325530825,0.136108672680115,-0.353433813170427,0.4479888922033
205,-15.5181998195079,47.7350666666667,-0.0504113079454105,0.136108672680115,-0.422782162724588,0.0818292297316426
206,-15.5225335138255,49.4120333333333,-0.293738198227446,0.136108672680115,-0.179260491380238,1.71152111172772
207,-15.5315164709535,49.4027097127127,-0.124002861126625,0.136108672680115,-0.920879870980189,-1.23745462719279
208,-15.5315164709535,49.421356953954,-0.0963962697452143,0.136108672680115,-0.138801915456411,1.79129117500463
209,-15.5315166666667,49.4120333333333,0.220017666698608,0.136108672680115,0.780516956352309,1.86437019859728
210,-15.5404998195079,49.4120333333333,0.320967859375477,0.136108672680115,-0.717775658411801,-0.415297851814873
211,-15.5580335138255,47.8127333333333,-0.0147744840762529,0.136108672680115,-0.25039151577867,-1.18631415322164
212,-15.5604501804921,50.2407333333333,0.558178548307627,0.136108672680115,0.0459464150041699,0.587872797380155
213,-15.5670164704834,47.8034081051641,0.064686224769335,0.136108672680115,-0.102365329555966,-0.820828839715897
214,-15.5670164704834,47.8220585615026,0.252783332178977,0.136108672680115,0.165392765085937,-0.0967050468752926
215,-15.5670166666667,47.8127333333333,-0.3235792448983,0.136108672680115,-0.133351773031708,-1.02610198819416
216,-15.569433137118,50.250058671087,0.33363155923934,0.136108672680115,-0.842695609279479,-0.426727559757915
217,-15.5694333333333,50.2407333333333,0.112486982949275,0.136108672680115,-0.117575714221345,0.288258485562087
218,-15.5759998195079,47.8127333333333,-0.269240559731223,0.136108672680115,0.170057676694857,0.0959590628689018
219,-15.5784164861745,50.2407333333333,0.286724076641092,0.136108672680115,-0.898526986607319,-1.16390000999281
220,-15.6261501804921,49.2361,-0.0625540494418157,0.136108672680115,-0.619406290361029,-0.220304726227195
221,-15.6351331362476,49.2267716757161,-0.0330188132104082,0.136108672680115,-0.224339395410988,0.242371966685883
222,-15.6351331362476,49.2454283242839,0.0170144155706819,0.136108672680115,0.511830467136273,0.656268546179517
223,-15.6351333333333,49.2361,0.132042309538825,0.136108672680115,-0.375826103808371,-0.357742171040034
224,-15.6441164861745,49.2361,-0.00183592391801842,0.136108672680115,0.081161907950316,0.68357781845482
225,-15.6613001804921,46.9258666666667,-0.0466720276150262,0.136108672680115,-0.228133847086764,1.79137102815719
226,-15.6630331358777,47.4701462634934,-0.21327350738416,0.136108672680115,0.326037655803405,0.145657826887878
227,-15.6630333333333,47.4608166666667,0.202108136447424,0.136108672680115,0.277762448755377,-0.246051690520447
228,-15.6702831357816,46.9165367387423,-0.281331241316993,0.136108672680115,-0.17320654922208,1.05454753398689
229,-15.6702831357816,46.9351965945911,0.441218140722238,0.136108672680115,-0.707599203427276,-0.928179453893251
230,-15.6702833333333,46.9258666666667,0.122439008131385,0.136108672680115,-1.47859806910575,-0.962116910791009
231,-15.6720164861745,47.4608166666667,-0.0386651873341899,0.136108672680115,-0.471017402919394,0.0239605853202275
232,-15.6757835138255,47.2649166666667,-0.0374895317006084,0.136108672680115,0.154426002431697,0.1138860823344
233,-15.6792664861745,46.9258666666667,-0.164968060184442,0.136108672680115,-1.80498602518967,-0.294670985232216
234,-15.6847664689229,47.2555860767903,0.203990620103173,0.136108672680115,-1.08262048404646,-0.263345664811278
235,-15.6847664689229,47.274247256543,-0.0714383909317066,0.136108672680115,0.296185148703895,0.817293843636609
236,-15.6847666666667,47.2649166666667,-0.190929979825875,0.136108672680115,-1.02868051904606,-0.426453968596137
237,-15.6914668471588,49.3425833333333,-0.0479684544447301,0.136108672680115,-0.308137994371779,0.2048087661016
238,-15.6937168471588,50.1458333333333,-0.345698211225226,0.136108672680115,-0.39217454629697,0.42279500141162
239,-15.6937498195079,47.2649166666667,-0.144990888933833,0.136108672680115,-0.95305938805862,0.547059956111179
240,-15.7004498020483,49.3332520258813,-0.0681912578594583,0.136108672680115,0.711396977067071,0.133960713873091
241,-15.7004498020483,49.3519146407853,-0.197351277498467,0.136108672680115,0.0981570155638566,0.500102871798325
242,-15.70045,49.3425833333333,0.103956017410466,0.136108672680115,-0.342191919804866,0.471444636832476
243,-15.7026998020184,50.1551647437983,0.103654365890764,0.136108672680115,-0.477669198014229,0.202153090726792
244,-15.7027,50.1458333333333,0.676842607790021,0.136108672680115,-0.622310153104707,-0.337493578785369
245,-15.7094331528412,49.3425833333333,-0.0991964601977486,0.136108672680115,0.589991916509215,0.729575609168418
246,-15.7116831528412,50.1458333333333,0.672454012552,0.136108672680115,0.0513365344514054,0.23931670148554
247,-15.7224668471588,47.5615666666667,0.41583596070833,0.136108672680115,0.379905469472703,-0.0840101711799344
248,-15.7314498016371,47.5522339384578,-0.178366931460827,0.136108672680115,0.32928771249635,-0.462888987418212
249,-15.7314498016371,47.5708993948755,-0.296815895374579,0.136108672680115,0.224302898204015,-0.928063447521869
250,-15.73145,47.5615666666667,0.313416875357125,0.136108672680115,0.0974401793759314,-0.201882811996296
251,-15.7404331528412,47.5615666666667,0.738724490797771,0.136108672680115,0.221281886948565,0.00873290262127106
252,-15.7928168471588,49.4166666666667,-0.123710018534911,0.136108672680115,-0.424095734349414,1.21126083729652
253,-15.8017998007035,49.4073307025095,-0.0852686632477142,0.136108672680115,-0.401164259521391,1.12988269058776
254,-15.8017998007035,49.4260026308238,0.0993381103995305,0.136108672680115,0.107756925663768,0.0824111984426932
255,-15.8018,49.4166666666667,0.203333305961793,0.136108672680115,-0.462129801215219,-0.291004969928352
256,-15.8107831528412,49.4166666666667,0.131436511409285,0.136108672680115,-1.18827322625526,-1.14523841553207
257,-15.8297835138255,47.83145,-0.401991972384637,0.136108672680115,-0.31860965579267,-0.28825795385192
258,-15.8387664668793,47.8221123289129,-0.155797591540939,0.136108672680115,-0.374049991565875,-0.678094679037033
259,-15.8387664668793,47.8407876710871,0.0170030137090898,0.136108672680115,0.0323247678228769,-0.0936684867898299
260,-15.8387666666667,47.83145,-0.454825787521642,0.136108672680115,-0.621893575478136,0.479610019821987
261,-15.8477498195079,47.83145,-0.330512935276575,0.136108672680115,-0.52882155597151,-0.679701629597996
262,-15.9054168471588,49.3009166666667,-0.128877850024804,0.136108672680115,-0.548216955077086,-0.176699363903041
263,-15.9143997992079,49.2915754891565,-0.356522223493995,0.136108672680115,0.522291868619358,-1.07353495073819
264,-15.9143997992079,49.3102578441768,-0.268629458296477,0.136108672680115,-0.914233309215942,-0.512772260348366
265,-15.9144,49.3009166666667,0.00222946199700509,0.136108672680115,-0.105449424921593,-1.53155418482168
266,-15.9233831528412,49.3009166666667,-0.0350246789966192,0.136108672680115,-0.571789378561541,-1.0002232138941
267,-15.9865001804921,49.33795,0.226956536129291,0.136108672680115,-0.0732293544107288,0.0266730267448273
268,-15.9954831314632,49.3286050423809,0.36802238746254,0.136108672680115,0.384059290644709,-0.251943464551687
269,-15.9954831314632,49.3472949576191,0.130853031450923,0.136108672680115,-0.190528095975446,-0.628402255448168
270,-15.9954833333333,49.33795,0.330331867182253,0.136108672680115,-0.298271848857824,-0.795811774507984
271,-16.0044664861745,49.33795,0.0884728939836217,0.136108672680115,-0.289415262602076,0.257031305253875
272,-16.0285997976893,47.1264465077849,-0.061780592398729,0.136108672680115,1.02149028847287,0.165664267775609
273,-16.0375831528412,47.1171,0.373985141002224,0.136108672680115,-0.398814740450809,0.499547931322937
274,-16.0450668471588,49.1990666666667,0.068048516489922,0.136108672680115,-0.0528217615355698,-0.00490679645040485
275,-16.0540497973506,49.1897189651148,-0.389153949533902,0.136108672680115,0.368364902469559,-0.706189161926967
276,-16.0540497973506,49.2084143682185,-0.225138957266486,0.136108672680115,-0.0613832324670955,0.193555784280313
277,-16.05405,49.1990666666667,-0.420807127181787,0.136108672680115,0.0613014303119751,-0.354465128368237
278,-16.0630331528412,49.1990666666667,-0.34618803485944,0.136108672680115,-0.105253259043152,-0.303590887536222
279,-16.0991168471588,49.2962833333333,0.119398204447998,0.136108672680115,-0.276905124528398,-0.865008968330128
280,-16.1080997966311,49.28693308936,-0.077780050744016,0.136108672680115,-0.233026532435093,-0.796991038659434
281,-16.1080997966311,49.3056335773067,-0.104414158550771,0.136108672680115,-0.420914971145745,-0.767801063444342
282,-16.1081,49.2962833333333,-0.0357856486721485,0.136108672680115,0.0768194608612943,-0.0368065065802342
283,-16.1170831528412,49.2962833333333,0.2530549783218,0.136108672680115,-0.603054816304161,-0.357560537192609
284,-16.2409997948602,46.8290601299888,-0.13036032616201,0.136108672680115,2.32488923879076,-0.440015358283245
285,-16.2409997948602,46.8477732033445,0.367917191318891,0.136108672680115,-1.14421479298516,-0.0613657964552551
286,-16.241,46.8384166666667,0.191966047339309,0.136108672680115,-0.986817651428318,0.444086554875837
287,-16.2499831528412,46.8384166666667,-0.0975774410736463,0.136108672680115,-0.633991608794651,0.0683650124628425
288,-16.2928168471588,49.30555,0.111253099725574,0.136108672680115,-0.425731075092822,-0.53948449144964
289,-16.3017997940493,49.2961905648725,0.125583705042064,0.136108672680115,-0.441340086211472,-0.144566769271781
290,-16.3017997940493,49.3149094351275,0.100258443618469,0.136108672680115,-0.545762893524077,0.215868997344075
291,-16.3018,49.30555,0.16675672961319,0.136108672680115,0.213020897577411,-0.36375576523008
292,-16.3107831528412,49.30555,-0.144205761776699,0.136108672680115,-0.404795804457817,0.266389730033789
293,-16.3874001804921,49.7047,0.205593447350008,0.136108672680115,0.323420154974528,0.861013049056493
294,-16.39638312612,49.6953360313673,0.0221924959603288,0.136108672680115,0.153901442164791,0.655642359226327
295,-16.39638312612,49.7140639686327,0.0881431893337179,0.136108672680115,0.3311950883205,0.290611507937295
296,-16.3963833333333,49.7047,-0.233248172344571,0.136108672680115,-0.0441991746908245,0.512763261575846
297,-16.5991497900759,46.5981262115217,-0.0564638935864782,0.136108672680115,-0.17838770144188,1.17388184165076
298,-16.5991497900759,46.6168737884783,-0.0796362985146955,0.136108672680115,-0.253141334865051,1.36936250967382
299,-16.59915,46.6075,-0.114389721156982,0.136108672680115,-0.368013833794555,1.05163320294576
300,-16.6306501804922,49.5900833333333,0.501976011163703,0.136108672680115,0.793603012757515,0.0612039675676612
301,-16.6396333333333,49.5900833333333,0.144099451171568,0.136108672680115,0.178549758614949,-1.65070844941731
302,-16.6486164861745,49.5900833333333,0.348955381495426,0.136108672680115,0.440233823704448,-0.382666913251868
303,-16.6954497887865,44.5514285006029,-0.136651463934684,0.136108672680115,1.02373738674843,0.685892869913983
304,-16.69545,44.54205,-0.329678928627048,0.136108672680115,-0.247706079444315,0.172282070669576
305,-16.7044331528412,44.54205,-0.0462092088407145,0.136108672680115,0.88249193264557,0.819404400333756
306,-16.7824997876198,44.4260338796591,-0.435520248124816,0.136108672680115,0.45751699387275,0.385081538044955
307,-16.7824997876198,44.4447994536742,-0.353114284652115,0.136108672680115,0.404573515242622,0.0339034649107842
308,-16.7825,44.4354166666667,-0.553824557427531,0.136108672680115,0.228190663569079,-0.661542221063119
309,-16.7914831528412,44.4354166666667,-0.210258624906339,0.136108672680115,0.690492097214282,0.2612962344652
310,-16.8018501804921,49.3339166666667,0.293098088889604,0.136108672680115,0.5509347391626,1.04649789717304
311,-16.8108331205732,49.3245324789863,0.0849442947590666,0.136108672680115,0.547316630045363,1.08911478791389
312,-16.8108333333333,49.3339166666667,0.399561609220205,0.136108672680115,0.145957282508245,-0.565817554910579
313,-16.9338331189223,48.7746097002652,0.319214033503462,0.136108672680115,-0.413998775568813,0.858110176634179
314,-16.9338333333333,48.784,0.185866014129881,0.136108672680115,-1.03001992450728,-0.0321031157244359
315,-16.9428164861745,48.784,-0.114904475635939,0.136108672680115,-1.4620295588284,0.99851122377713
316,-16.96799978513,48.710392006625,0.338476950650211,0.136108672680115,-1.43181829655025,-0.142130414664078
317,-16.968,48.701,0.00971321829381838,0.136108672680115,-0.544408570574323,0.463879419621473
318,-16.9769831528412,48.701,0.00616105108823284,0.136108672680115,-0.590176471617227,0.222127411604517
319,-16.9910168471588,48.8503333333333,0.508045909338149,0.136108672680115,-0.0368182359689222,0.731634733051959
320,-16.9999997847,48.8409397244672,0.115387574944516,0.136108672680115,0.532794499843215,0.977115218518659
321,-16.9999997847,48.8597269421994,0.333600721343118,0.136108672680115,-0.629041106899168,0.474919012516188
322,-17,48.8503333333333,0.13891456870547,0.136108672680115,-0.438494765634387,0.214179394539497
323,-17.0089831528412,48.8503333333333,0.0327705524352269,0.136108672680115,-0.7018133405018,-0.732925567751108
324,-17.0737501804921,48.7314666666667,0.610134157508748,0.136108672680115,-0.674307712682424,1.15932562493153
325,-17.0827331169209,48.7220688992132,0.604656486043801,0.136108672680115,0.0246822940299823,1.07582565934298
326,-17.0827333333333,48.7314666666667,0.556031873377905,0.136108672680115,-0.352888761731487,1.7831714533464
327,-17.2117335138255,48.7870333333333,0.442308838983109,0.136108672680115,-0.747606737550315,0.674638932462109
328,-17.2207164483968,48.7964380883632,0.737157615565897,0.136108672680115,-0.534123101731728,0.652384449123332
329,-17.2207166666667,48.7870333333333,0.188240226328268,0.136108672680115,-0.695621882118821,0.191690760353417
330,-17.2824835138255,44.1403666666667,0.394720978736626,0.136108672680115,-0.322260230798859,-1.94036828805176
331,-17.2914664474433,44.1497750297321,0.506941900732561,0.136108672680115,0.298312824981322,-1.22367398193359
332,-17.2914666666667,44.1403666666667,0.702595370763915,0.136108672680115,-1.60024105964665,-1.90602360843022
333,-17.3004498195078,44.1403666666667,0.374702752246291,0.136108672680115,-0.325366684785427,-0.270683936292078
334,-17.5414668471588,48.72685,0.216022288699666,0.136108672680115,-0.0188851804777462,1.53332065138726
335,-17.5504497772801,48.7174282832483,0.642898557387867,0.136108672680115,-1.61721186056419,-0.686956259230915
336,-17.5504497772801,48.7362717167517,0.914825865606684,0.136108672680115,-1.70151312666832,-1.16999837352857
337,-17.55045,48.72685,0.590426610090405,0.136108672680115,-0.844742848839467,-0.798049033584764
338,-17.5594331528412,48.72685,0.706481121312249,0.136108672680115,-1.87890996710778,0.106091554688874
339,-17.7340001804921,44.12765,0.24131657801777,0.136108672680115,0.928981955650206,-0.604790313031787
340,-17.7429831080076,44.1182182062337,0.0173485716941527,0.136108672680115,2.16044386381308,0.890354694758159
341,-17.7429833333333,44.12765,-0.0102186041573675,0.136108672680115,1.51850703350545,-1.80993924552541
342,-17.7519664861745,44.12765,-0.179409187483239,0.136108672680115,0.266019189564089,-1.58895083439062
343,-17.9144335138255,48.5744166666667,0.107702554450655,0.136108672680115,0.0646660316338147,-0.462163260450992
344,-17.9234164388937,48.5649753127322,0.535888803758186,0.136108672680115,-1.02940765522129,0.848673337766442
345,-17.9234164388937,48.5838580206011,-0.0582176558053292,0.136108672680115,-1.15749448974589,0.542789789634294
346,-17.9234166666667,48.5744166666667,-0.0574057903578704,0.136108672680115,-0.822541772472016,0.352992594532126
347,-17.9323998195079,48.5744166666667,0.639876839480783,0.136108672680115,-0.97667271567125,0.856271378313581
348,-17.9774168471588,48.82075,0.340987635801292,0.136108672680115,-0.297590880798449,1.89914968806543
349,-17.9863997713716,48.8113052822941,0.296206532346698,0.136108672680115,-0.435109620251338,1.94362655358828
350,-17.9863997713716,48.8301947177059,0.294754865928776,0.136108672680115,-0.838453536229832,-0.2178143833696
351,-17.9864,48.82075,0.23813985905763,0.136108672680115,-0.734497943964039,0.419916066797495
352,-17.9953831528412,48.82075,0.361930310206781,0.136108672680115,-1.23115979028644,0.223155130885185
353,-18.1231831028451,48.6735645961044,0.383184658696654,0.136108672680115,-0.414235254358887,0.762244057759585
354,-18.1231831028451,48.6924687372289,0.124809074458793,0.136108672680115,-0.785910656049135,0.79967855035824
355,-18.1321664861745,48.6830166666667,0.350661019876668,0.136108672680115,-0.503018814710315,0.952688995288213
356,-18.1468001804921,48.92,-0.00186412999437789,0.136108672680115,-0.84906735671875,1.46892392214086
357,-18.1557831024014,48.9105461673647,0.120855067925361,0.136108672680115,-0.124526879759502,0.67066142309044
358,-18.1557831024014,48.9294538326353,0.0686356819235604,0.136108672680115,0.606159354082497,1.36848557537166
359,-18.1557833333333,48.92,-0.0501817404901357,0.136108672680115,-0.407747487595368,0.431299369577571
360,-18.1647664861745,48.92,0.539815235414386,0.136108672680115,-0.623278958525845,-0.0670340453084292
361,-18.3738835138255,44.6415,-0.0302946008154483,0.136108672680115,0.615632783950494,-2.14374066623533
362,-18.3828664326396,44.6320337898592,-0.341735444725717,0.136108672680115,1.56827402200872,-1.29494936810073
363,-18.3828664326396,44.6509662101408,0.0153984769006657,0.136108672680115,0.142200054442125,-1.52407153643445
364,-18.3828666666667,44.6415,0.12511566909039,0.136108672680115,1.08729290279343,-1.33965849783501
365,-18.3918498195079,44.6415,0.083226226093397,0.136108672680115,0.0195761052268651,-2.13299307197707
366,-18.4040501804921,48.49055,0.0558377105816545,0.136108672680115,-0.951427410081603,1.4919959508691
367,-18.4130330988944,48.4810821319452,0.26227544358361,0.136108672680115,-1.62223529309777,0.574573472239567
368,-18.4130330988944,48.5000178680548,-0.107300619982472,0.136108672680115,-0.972399506274739,0.95575429180421
369,-18.4130333333333,48.49055,-0.0739941874510312,0.136108672680115,-1.8814244479644,0.923186086874209
370,-18.4220164861745,48.49055,-0.21242014570206,0.136108672680115,-1.64173534187593,0.7373550736317
371,-18.4311497653137,48.9868188652599,-0.137324998396037,0.136108672680115,0.70964228962451,1.76250795934112
372,-18.43115,48.97735,-0.587920841979154,0.136108672680115,0.64736105356024,-0.36097897275808
373,-18.4928168471588,48.4716833333333,0.431187275290628,0.136108672680115,-0.788058588909643,-0.142165714185036
374,-18.5017997643485,48.4622105681897,0.180018044523995,0.136108672680115,-1.29257602655579,-0.264918546134446
375,-18.5017997643485,48.4811560984769,-0.0235398573806286,0.136108672680115,0.24747638553956,0.552627339481088
376,-18.5018,48.4716833333333,0.264651201032177,0.136108672680115,-1.25655642287464,-0.682202227688538
377,-18.5036835138255,48.56225,-0.128075981786426,0.136108672680115,-1.41651514877229,1.02688660456634
378,-18.5091168471588,48.6075333333333,0.367734352078722,0.136108672680115,-0.538752930799306,-0.214904267548953
379,-18.5107831528412,48.4716833333333,-0.363579458808271,0.136108672680115,-0.332862132509573,1.64314851917412
380,-18.5126664308667,48.5527766334524,-0.1512496834957,0.136108672680115,-1.27330949653333,1.45197992662122
381,-18.5126664308667,48.5717233665476,0.293914977914925,0.136108672680115,-0.543964293016117,1.6004863833529
382,-18.5126666666667,48.56225,-0.0855163780784456,0.136108672680115,-1.59915954416083,0.883064870336888
383,-18.5180997641258,48.5980596659273,-0.0823021665225831,0.136108672680115,-0.454011239204503,0.208520993457573
384,-18.5180997641258,48.6170070007393,-0.0318196505119407,0.136108672680115,-0.823594392272639,-0.423554907458183
385,-18.5181,48.6075333333333,-0.14477340776678,0.136108672680115,0.309025826198991,1.91413251315903
386,-18.5216498195079,48.56225,-0.180230897899377,0.136108672680115,-0.316948109053062,2.01278466421508
387,-18.5270831528412,48.6075333333333,0.333189983583427,0.136108672680115,-0.945123631312328,-0.737385137847883
388,-18.5632168471588,48.5584833333333,0.00184890220357453,0.136108672680115,-1.42952296122988,-0.771096642521784
389,-18.572199763386,48.5490066645708,-0.203015940870508,0.136108672680115,-1.59302091957325,0.134336138137355
390,-18.572199763386,48.5679600020958,0.227828045108156,0.136108672680115,0.331926047855421,1.53982674438173
391,-18.5722,48.5584833333333,0.0055709472376546,0.136108672680115,-1.35197691968908,-0.601066865842133
392,-18.5811831528412,48.5584833333333,0.0150316446357946,0.136108672680115,-1.94660652782133,-0.249737962129536
393,-18.6261501804921,44.7216833333333,-0.173748653849822,0.136108672680115,1.15498749519098,-1.55248130531947
394,-18.6351330958582,44.7122031601269,-0.428261431558799,0.136108672680115,1.17641308044479,-1.28070723508991
395,-18.6351330958582,44.7311635065398,-0.106852349015014,0.136108672680115,0.0636378252192272,-1.345301508084
396,-18.6351333333333,44.7216833333333,0.173863989803716,0.136108672680115,1.49743406275466,-0.471479739866641
397,-18.6441164861745,44.7216833333333,0.0637427829819659,0.136108672680115,1.45487911784145,-0.889541614926783
398,-18.6884668471588,48.5018833333333,0.50851820160747,0.136108672680115,-0.856556622950574,0.379422832163247
399,-18.6967835138255,48.4226333333333,0.337656381571599,0.136108672680115,-0.194040969626251,1.18988688947544
400,-18.6974497616715,48.492399676189,0.071334815561681,0.136108672680115,-0.607349639607462,1.47799754961002
401,-18.6974497616715,48.5113669904777,0.438701566531257,0.136108672680115,0.638557908159003,1.6546785209116
402,-18.69745,48.5018833333333,0.55572043492121,0.136108672680115,-0.247713042679932,0.802604163267611
403,-18.7057664282242,48.4131492101867,-0.0247396992567687,0.136108672680115,0.241264869156865,1.26986363511345
404,-18.7057664282242,48.43211745648,0.0895879338983219,0.136108672680115,-0.60367945658666,-0.201876835101509
405,-18.7057666666667,48.4226333333333,-0.007574498556132,0.136108672680115,-1.06924951160414,0.297127869324227
406,-18.7064331528412,48.5018833333333,0.156326805287059,0.136108672680115,-1.47929013173667,0.233644039262082
407,-18.7147498195079,48.4226333333333,-0.00365672685008437,0.136108672680115,-0.37581881068277,0.601589160546845
408,-19.0135335138255,44.3726333333333,0.0943916852836651,0.136108672680115,0.402079570241743,-0.808096939695848
409,-19.0225164238766,44.3631312785894,0.185296082360983,0.136108672680115,0.262999412925483,0.813700514478913
410,-19.0225164238766,44.3821353880773,0.591857415786584,0.136108672680115,0.592198542519651,1.83170685002125
411,-19.0225166666667,44.3726333333333,0.0136692415493423,0.136108672680115,-1.33495820403931,0.428520138857338
412,-19.0259001804921,48.2798833333333,-0.271405795433881,0.136108672680115,0.00888475048300565,2.13649668935547
413,-19.0314998195079,44.3726333333333,0.147493038243238,0.136108672680115,-0.384432598442675,-0.342156316566972
414,-19.0315501804921,44.8238,-0.137733869695988,0.136108672680115,0.343276210961317,0.106800021643393
415,-19.0348830903732,48.2703805712272,0.124362051233933,0.136108672680115,-1.24975028728152,0.58425787610039
416,-19.0348830903732,48.2893860954394,0.0410365684859814,0.136108672680115,-1.35020884483404,0.114463558961124
417,-19.0348833333333,48.2798833333333,-0.372297207715387,0.136108672680115,-0.774858937141111,-0.614241942447163
418,-19.0405330902955,44.8142969145366,0.0871979566146368,0.136108672680115,0.428561832747977,0.0138435122591615
419,-19.0405330902955,44.8333030854634,-0.0842189303881356,0.136108672680115,0.231600499785469,0.0047363640077422
420,-19.0405333333333,44.8238,-0.314420997033153,0.136108672680115,0.0950081881652207,0.134182916364767
421,-19.0438664861745,48.2798833333333,0.569197683434557,0.136108672680115,-0.808270513333846,-0.463128490240318
422,-19.0495164861745,44.8238,0.00274903047056004,0.136108672680115,0.592970539079723,0.00140863364996615
423,-19.0849335138255,48.1461166666667,0.280334508121042,0.136108672680115,-0.907159558462445,-0.256693826285233
424,-19.0939164228943,48.1366105203513,-0.245548964910704,0.136108672680115,-0.534053081924172,0.849486907467982
425,-19.0939164228943,48.1556228129821,0.285042702437717,0.136108672680115,-0.217433682702049,1.36446998637657
426,-19.0939166666667,48.1461166666667,-0.276914364228018,0.136108672680115,-0.62236591101737,0.582813612173737
427,-19.1666335138255,48.1615833333333,0.0730315208577141,0.136108672680115,-1.17036217081553,1.39994308452023
428,-19.1756164217692,48.152072482753,-0.295632316014641,0.136108672680115,-1.01441229386599,1.25732903966152
429,-19.1756164217692,48.1710941839136,0.307297267394045,0.136108672680115,-0.633652507226883,0.754919371002407
430,-19.1756166666667,48.1615833333333,0.265403634784206,0.136108672680115,-0.602064683655896,1.0246537209696
431,-19.1845998195079,48.1615833333333,0.277628425136757,0.136108672680115,-0.588565585884318,0.647179105476169
432,-19.2432668471588,44.54245,0.236660384363779,0.136108672680115,-0.0215169994667309,0.482190124560967
433,-19.2522497540463,44.5329347150653,0.218855830871406,0.136108672680115,-0.610194115607533,0.283968973967227
434,-19.2522497540463,44.5519652849347,0.357142709220197,0.136108672680115,0.577477263263402,1.0125819507087
435,-19.25225,44.54245,-0.0804473816884472,0.136108672680115,0.214163580277796,0.761559086459365
436,-19.2612331528412,44.54245,0.387929537228751,0.136108672680115,1.00806249085436,0.659925886540501
437,-19.2620335138255,48.11765,0.267373999611329,0.136108672680115,-0.670502520198349,0.456367427047769
438,-19.2710164204541,48.1081336259143,0.265423439460306,0.136108672680115,-0.661016469967466,0.537818315569021
439,-19.2710164204541,48.1271663740856,0.132879015704251,0.136108672680115,-0.555038322119861,1.45460613034481
440,-19.2710166666667,48.11765,0.368457457857464,0.136108672680115,0.581115451859383,1.29908181906291
441,-19.2799998195079,48.11765,0.425143779294767,0.136108672680115,-0.438375976755583,0.649131059964768
442,-19.2977168471588,48.0502833333333,0.585306700071215,0.136108672680115,-0.928215204014435,0.259265159519009
443,-19.3066997532951,48.0407648848081,0.372028114011562,0.136108672680115,-0.861659946738216,0.0715666475633321
444,-19.3066997532951,48.0598017818586,0.116907660011402,0.136108672680115,-0.457739696457291,0.398101663496056
445,-19.3067,48.0502833333333,0.157105610375986,0.136108672680115,-1.2197643814779,-0.373578732375919
446,-19.3156831528412,48.0502833333333,0.118912669231374,0.136108672680115,-1.26843813213207,-0.743207080474476
447,-19.3568501804921,48.2400333333333,-0.0892059063972258,0.136108672680115,0.485089061900747,0.818237314798216
448,-19.3658330858122,48.2495552296826,-0.325794973451523,0.136108672680115,-0.157150441911198,0.352737696477564
449,-19.3658333333333,48.2400333333333,-0.228721728219779,0.136108672680115,-0.323824875120536,0.356489594446371
450,-19.3748164861746,48.2400333333333,-0.751744356489679,0.136108672680115,0.00463560066971026,-0.00793399986498676
451,-19.4684835138255,44.5190333333333,0.222524085342659,0.136108672680115,0.524556128321077,1.10587898604647
452,-19.4774664176029,44.5095048936037,0.257966554984432,0.136108672680115,-0.249849461093875,0.325459014878806
453,-19.4774664176029,44.528561773063,0.00243461139335997,0.136108672680115,-0.618534794795541,0.490343505156064
454,-19.4774666666667,44.5190333333333,0.0682584625612005,0.136108672680115,0.642838548493538,0.887803158478235
455,-19.4864498195079,44.5190333333333,0.393498161914154,0.136108672680115,-0.733364664131349,0.509878887312882
456,-19.7806001804921,44.6531,-0.190518037225016,0.136108672680115,-0.121873129745837,0.599743781579698
457,-19.7895830799451,44.6435530251517,-0.542896966968875,0.136108672680115,1.35498585421689,1.59081714399962
458,-19.7895833333333,44.6531,0.379524207758364,0.136108672680115,0.667353529466617,1.01416097487077
459,-19.7985664861745,44.6531,-0.260716946061877,0.136108672680115,-1.1746366956473,0.25556950755559
460,-19.8546501804921,47.7548,-0.29756546869063,0.136108672680115,0.0769646124420413,-0.678795227317809
461,-19.8636330789167,47.7452485754474,0.058592612723656,0.136108672680115,0.374828803550476,-0.442050115319127
462,-19.8636330789167,47.7643514245526,0.0911033553941332,0.136108672680115,-0.48343509746244,-1.02404640804359
463,-19.8636333333333,47.7548,0.166473496133192,0.136108672680115,0.152237253787596,-0.0702573721582755
464,-19.8726164861745,47.7548,-0.0981794925405893,0.136108672680115,0.300819529335637,-0.352773506632661
465,-19.8827501804921,47.71845,0.196561168936589,0.136108672680115,0.773778607465771,0.676238590306186
466,-19.8917330785262,47.7088968816398,-0.26823679593794,0.136108672680115,-0.172638885218845,-1.17879566911245
467,-19.8917330785262,47.7280031183602,0.341617993379547,0.136108672680115,0.680711796412515,1.05311043258873
468,-19.8917333333333,47.71845,0.0140050091672735,0.136108672680115,0.298664053938416,-0.970338648393546
469,-20.0405501804921,44.5693333333333,0.241391318195933,0.136108672680115,-0.138451427724003,-0.0173236164282256
470,-20.0495330763305,44.5597706492012,-0.532232964382536,0.136108672680115,1.39817185948533,-0.0553791716640801
471,-20.0495330763305,44.5788960174654,-0.0421138936306717,0.136108672680115,0.491777621073487,-0.346544236687143
472,-20.0495333333333,44.5693333333333,-0.245197822523145,0.136108672680115,0.372938580866628,-0.215680869744139
473,-20.0585164861745,44.5693333333333,-0.152603892496562,0.136108672680115,0.157049184535777,-0.207833376690579
474,-20.2612835138255,48.1105666666667,-0.0135162118034774,0.136108672680115,2.0367643445695,-1.10759063596684
475,-20.2702664065852,48.1009904475611,-0.221419340202471,0.136108672680115,1.83169104848461,-1.01355070604694
476,-20.2702664065852,48.1201428857723,-0.104552200182048,0.136108672680115,1.25783227574499,-0.981213855850275
477,-20.2702666666667,48.1105666666667,0.0655629220916661,0.136108672680115,0.843804300888032,-1.11550111952819
478,-20.2941835138255,44.72595,-0.138723328528965,0.136108672680115,-0.293862961600893,-0.11893846755279
479,-20.3031664061256,44.7355282519374,-0.369013971794043,0.136108672680115,0.302355455304085,0.733629636485308
480,-20.3121498195079,44.72595,-0.290191576848857,0.136108672680115,0.513015518439167,-0.0641082167891314
481,-20.3648835138255,47.5913333333333,-0.448534553048739,0.136108672680115,-0.0842015745948297,-0.945867744014284
482,-20.3738664051372,47.5817506993546,-0.192874318710914,0.136108672680115,0.15058580896464,-0.726799866397104
483,-20.3738664051372,47.6009159673121,-0.0236280270797629,0.136108672680115,-0.0343942204704446,-1.03049234515014
484,-20.3738666666667,47.5913333333333,-0.0963676488982491,0.136108672680115,0.279549443091554,0.333353901239657
485,-20.3828498195079,47.5913333333333,-0.232422205135307,0.136108672680115,0.22818818705328,-0.402176062107254
486,-20.4954830701016,48.0288597845501,-0.257735114309836,0.136108672680115,2.08382309310314,-0.289276219849713
487,-20.4954830701016,48.0480402154499,-0.401151026572348,0.136108672680115,1.59354376226977,-0.472974927295032
488,-20.4954833333333,48.03845,-0.0428010206169053,0.136108672680115,1.07981229928211,-0.815148977544917
489,-20.5044664861745,48.03845,-0.270153517626682,0.136108672680115,1.34021124144602,-1.01077096207846
490,-20.5180335138255,47.5096,0.0928627143806713,0.136108672680115,0.920581248954499,-0.052118352399329
491,-20.5270164029931,47.5000078097738,-0.169736623532303,0.136108672680115,0.72521653999499,-0.572516476316505
492,-20.5270164029931,47.5191921902262,-0.282708767403939,0.136108672680115,0.315651474502679,-0.931677459039855
493,-20.5270166666667,47.5096,-0.014531673790808,0.136108672680115,0.186408136332109,-0.95282918603001
494,-20.5359998195079,47.5096,0.275034823691519,0.136108672680115,0.869910576352312,-0.532071447563533
495,-20.5362501804921,44.5889333333333,-0.0571803107035881,0.136108672680115,-1.56621420845746,0.104550948765148
496,-20.5452330694045,44.5793400005926,-0.343505062171425,0.136108672680115,-1.29095450155914,0.335581205900852
497,-20.5452330694045,44.598526666074,-0.0222489067026578,0.136108672680115,0.209607419131019,0.0704168464819581
498,-20.5452333333333,44.5889333333333,0.0603430936875562,0.136108672680115,0.344475389050961,0.677568528540797
499,-20.5542164861745,44.5889333333333,0.017949987736781,0.136108672680115,-0.489022664543357,0.148897979554435
500,-20.7308335138255,44.16345,0.141891018069129,0.136108672680115,0.620398258428665,0.55206837191249
501,-20.7398164000068,44.1538443857288,-0.0270129704061115,0.136108672680115,0.175154167235508,0.726525090908523
502,-20.7398164000068,44.1730556142712,-0.302397567073776,0.136108672680115,-0.213237945389296,-0.133971907979397
503,-20.7398166666667,44.16345,0.162158270950803,0.136108672680115,-0.0607470499634179,0.848581603839333
504,-20.7487998195079,44.16345,0.0485793300235115,0.136108672680115,-0.281564097633144,1.09025223592315
505,-20.850866398445,47.3815793539311,-0.298042276188461,0.136108672680115,0.79459139723091,-0.361454147755214
506,-20.8508666666667,47.3719666666667,0.203404817205756,0.136108672680115,0.775996846071383,-0.154305931413477
507,-20.8598498195079,47.3719666666667,-0.0863618132799559,0.136108672680115,1.32433963197551,0.330107437756772
508,-20.8643168471588,43.9471,-0.138636945786921,0.136108672680115,-0.17943913805436,0.165715103164836
509,-20.8732997314626,43.9374858782612,-0.268146220321122,0.136108672680115,-0.193383098463241,-1.19982599581714
510,-20.8733,43.9471,-0.0622434451590216,0.136108672680115,0.272307675884094,0.479236143649309
511,-20.8822831528412,43.9471,-0.270218815458154,0.136108672680115,0.911503634580429,-1.50530595740306
512,-20.9955168471588,47.3689166666667,-0.1850523444914,0.136108672680115,-0.353920578618555,0.543291677746788
513,-21.0044997296139,47.3592941173492,-0.132654885488899,0.136108672680115,-0.500998071027936,-1.63291268344727
514,-21.0044997296139,47.3785392159841,0.0252767607913825,0.136108672680115,0.210717737121875,0.702496477470016
515,-21.0045,47.3689166666667,0.160831818925857,0.136108672680115,1.32445948052232,-0.13981686566299
516,-21.0134831528412,47.3689166666667,-0.0423369062668154,0.136108672680115,-0.672113371360929,-1.41263898178102
517,-21.1171335138255,47.4077666666667,-0.0810798216418316,0.136108672680115,0.21930601079692,-1.27713707783808
518,-21.1261163945641,47.398136247009,0.287976970927221,0.136108672680115,0.0813698545080183,-1.32600281002494
519,-21.1261163945641,47.4173970863244,0.193766243605375,0.136108672680115,1.02381678545897,0.0475382556958858
520,-21.1261166666667,47.4077666666667,-0.15927268816628,0.136108672680115,0.749418903068962,-0.754365945707987
521,-21.1350998195079,47.4077666666667,-0.00222534690193307,0.136108672680115,0.655229859360888,-0.354915185112477
522,-21.1486668471588,47.4615333333333,0.531948432874789,0.136108672680115,0.912745729292513,-0.694345950309625
523,-21.1576497274519,47.451900863827,0.0983428536523675,0.136108672680115,1.66918499114942,-0.538103623769021
524,-21.1576497274519,47.4711658028397,0.0295644643863223,0.136108672680115,1.29880555273234,-0.413286450054856
525,-21.15765,47.4615333333333,0.175478361967012,0.136108672680115,0.955291164690951,-1.12687814142861
526,-21.1666331528412,47.4615333333333,0.384316993439074,0.136108672680115,1.77488135790683,-0.328942723547646
527,-21.3333501804921,47.4326833333333,-0.0715807252501727,0.136108672680115,0.852599195631061,0.517968064295804
528,-21.342333058172,47.4230387820903,0.0833245568142744,0.136108672680115,0.548990506786053,-0.198757926254143
529,-21.342333058172,47.4423278845763,0.00728245362571472,0.136108672680115,0.714502318797289,-0.502035597098759
530,-21.3423333333333,47.4326833333333,-0.196684129154741,0.136108672680115,0.395012099861465,-0.408887737241217
531,-21.3513164861745,47.4326833333333,-0.0673824504955902,0.136108672680115,0.716325783849604,-0.299375834744115
532,-21.7702835138255,47.3398,-0.0563129037469444,0.136108672680115,1.32240999271515,-0.711812197157579
533,-21.7792663852965,47.3301263429951,-0.182599994196834,0.136108672680115,1.29391754733348,-0.767211068832967
534,-21.7792663852965,47.3494736570049,-0.124154864718267,0.136108672680115,1.38021969056162,-0.566713170332021
535,-21.7792666666667,47.3398,-0.12873708409353,0.136108672680115,0.806941027236259,-0.644036855397358
536,-21.7882498195079,47.3398,0.0622799595804953,0.136108672680115,0.542182659587472,-0.763429307167736
537,-22.0730335138255,47.2887166666667,-0.115081005258442,0.136108672680115,0.0174648780620795,-1.6834470434928
538,-22.0820163809723,47.2790224076587,-0.171084031451416,0.136108672680115,0.0436551177599482,-2.0733364546948
539,-22.0820166666667,47.2887166666667,0.0674422309484477,0.136108672680115,0.125201325274808,-1.63975068851523
540,-22.0909998195079,47.2887166666667,-0.014122254471155,0.136108672680115,0.372070818180395,-1.90875509646299
541,-22.0946168471588,44.2038833333333,-0.0700903024894383,0.136108672680115,-0.480176029457749,0.648150143477502
542,-22.1035997139966,44.1941875918918,0.0464956152170733,0.136108672680115,0.0230178165905854,0.142309081423861
543,-22.1035997139966,44.2135790747749,0.090021981009716,0.136108672680115,-0.28139037546028,0.647431353424215
544,-22.1036,44.2038833333333,0.121559426379708,0.136108672680115,-0.51165915960383,0.178410574483766
545,-22.1125831528412,44.2038833333333,0.130618760543911,0.136108672680115,0.393855869311758,1.68408921274265
546,-22.1582830465467,46.9426828388484,-0.408347718888962,0.136108672680115,-0.791829429278899,0.324492354712275
547,-22.1582833333333,46.9329833333333,0.297290448219782,0.136108672680115,0.171835461580562,-0.168898231528611
548,-22.1672664861745,46.9329833333333,-0.230819590739815,0.136108672680115,-0.270723967706822,-0.140048404414988
549,-22.1773668471588,47.2669833333333,0.0735625109492565,0.136108672680115,1.78811458742697,-0.802056627686149
550,-22.1855835138255,43.4417333333333,0.0117805995221325,0.136108672680115,-1.20477127650056,0.913771339261411
551,-22.1863497128111,47.2766847753577,-0.373593079366756,0.136108672680115,0.921148137145444,-1.63901335545477
552,-22.18635,47.2669833333333,0.0944941516156658,0.136108672680115,0.991276341827602,-1.1907928453264
553,-22.19456637936,43.4320313237986,0.0106335896088171,0.136108672680115,1.66101224694164,-0.391240132343536
554,-22.19456637936,43.451435342868,0.14297515324592,0.136108672680115,0.359231358372888,0.314071730260412
555,-22.1945666666667,43.4417333333333,-0.144328237816099,0.136108672680115,-1.0412228453392,0.171795496521989
556,-22.1953331528412,47.2669833333333,0.272608780870165,0.136108672680115,1.30600396905805,-0.940597367587515
557,-22.2035498195079,43.4417333333333,0.21721067126378,0.136108672680115,-1.26153716542778,0.470628221732611
558,-22.4369501804921,47.2524166666667,-0.597844906294005,0.136108672680115,0.32360629807229,0.0253848110882645
559,-22.4459330424164,47.2426971668346,-0.701090021358752,0.136108672680115,0.769334540648444,0.197430646753289
560,-22.4459333333333,47.2524166666667,-0.443833336951303,0.136108672680115,0.158614666766204,-0.315270193188424
561,-22.4549164861745,47.2524166666667,-0.553076486620567,0.136108672680115,0.517386231916461,0.315969886642691
562,-22.7612835138255,43.7634,0.0776593045782577,0.136108672680115,-2.15922116266647,-0.0354614855162684
563,-22.7702663710721,43.7536575617362,0.127708436309673,0.136108672680115,-0.617781415366679,1.54707292535093
564,-22.7702663710721,43.7731424382638,-0.107824554449634,0.136108672680115,-2.20030586684435,-0.617096912828816
565,-22.7702666666667,43.7634,0.0903629762631604,0.136108672680115,-0.23149964093433,-0.157909345306361
566,-22.7792498195079,43.7634,0.225922694287944,0.136108672680115,-1.6382970412397,0.130678946411065
567,-22.7815501804921,44.7048666666667,0.426474545455058,0.136108672680115,1.22406628264001,0.139050897851621
568,-22.7838001804921,43.4585333333333,0.223590720971096,0.136108672680115,-0.285217274914067,0.0348871079606963
569,-22.7905330374457,44.695122781077,0.472697014349058,0.136108672680115,0.626462073518963,-0.691342038154742
570,-22.7905330374457,44.7146105522563,-0.257860221030657,0.136108672680115,0.260723740275524,0.474344403207079
571,-22.7905333333333,44.7048666666667,0.289848650140777,0.136108672680115,-0.709583594188605,-0.121041932968186
572,-22.7927830374132,43.4487892869603,-0.316641057364744,0.136108672680115,0.697969216853274,-0.940241764797848
573,-22.7927830374132,43.4682773797064,-0.291747466922249,0.136108672680115,-0.615427736005207,-1.03950777766964
574,-22.7927833333333,43.4585333333333,-0.135492975222647,0.136108672680115,-0.399201223286608,-0.447021411456671
575,-22.7995164861745,44.7048666666667,0.0725369292486683,0.136108672680115,-0.730742522164253,-0.403273983284586
576,-22.8017664861745,43.4585333333333,-0.263054282312104,0.136108672680115,-0.251492501623014,-0.176281859284578
577,-22.8333501804921,45.1715666666667,-0.484124509953793,0.136108672680115,0.29936965166868,0.270074857017969
578,-22.8423330366964,45.1618190743276,-0.508448067272955,0.136108672680115,0.137222527458198,0.317547568283956
579,-22.8423333333333,45.1715666666667,-0.643730344044171,0.136108672680115,0.201575951200282,0.411441243905627
580,-22.8513164861745,45.1715666666667,-0.453478302113824,0.136108672680115,0.177204685858643,0.204243914939558
581,-22.8513668471588,47.2450833333333,-0.445676499443585,0.136108672680115,2.12935967329606,-0.275974853576881
582,-22.8603497031023,47.2353344492127,-0.0106281915794069,0.136108672680115,1.63495230897776,-0.321597268484913
583,-22.8603497031023,47.2548322174539,-0.13558899698711,0.136108672680115,1.6756818790333,-0.509395160803353
584,-22.86035,47.2450833333333,0.0245357314028302,0.136108672680115,1.69384030831191,-0.360544712050816
585,-22.8693331528412,47.2450833333333,-0.292310997867133,0.136108672680115,1.91922362973932,-0.133463810723505
586,-22.9549668471588,43.64705,0.346290927595237,0.136108672680115,1.1417805018964,0.200384249831103
587,-22.9639497016015,43.637293662454,-0.139796826497323,0.136108672680115,1.97248092427015,0.34425859039813
588,-22.9639497016015,43.656806337546,-0.00968685062481657,0.136108672680115,0.673608571818294,1.86577949888249
589,-22.96395,43.64705,0.841383629908789,0.136108672680115,0.139971177446094,-0.651409399303803
590,-22.9729331528412,43.64705,0.252270518545073,0.136108672680115,1.32551199406711,1.11942517445318
591,-23.1081335138255,43.7778333333333,0.202696880533102,0.136108672680115,-0.24079452784298,-0.0645759612229996
592,-23.1171166666667,43.7778333333333,0.357362129815233,0.136108672680115,1.08905339433047,1.22205483822286
593,-23.1260998195079,43.7778333333333,0.342126187464375,0.136108672680115,0.681798844244632,-0.017362835776583
594,-23.2743501804921,47.1025,0.00423331065331352,0.136108672680115,1.5328593720698,0.208392873645866
595,-23.2833330302935,47.0927204111691,-0.11646909605209,0.136108672680115,0.774751347995149,-0.940767827403959
596,-23.2833330302935,47.1122795888309,-0.190523293862592,0.136108672680115,1.88495172662968,0.00631002729691087
597,-23.2833333333333,47.1025,-0.154683153625516,0.136108672680115,0.973819970559507,-0.510972383763919
598,-23.2923164861745,47.1025,-0.229207554072954,0.136108672680115,1.63855716697048,0.00545904699821072
599,-23.3137835138255,44.7261,-0.23856933305864,0.136108672680115,-1.02577458014908,1.54650888474397
600,-23.3227663630522,44.735882488391,0.475280516700691,0.136108672680115,0.94299382178986,-0.594706170623589
601,-23.3227666666667,44.7261,0.269904573042504,0.136108672680115,-0.439087039579532,1.12822277604662
602,-23.3243501804921,46.9509666666667,-0.303634902272923,0.136108672680115,0.766677626256019,-0.824509924355529
603,-23.3317498195078,44.7261,0.121690554112964,0.136108672680115,-0.201634072719685,1.31323699271426
604,-23.3333330295649,46.9411834002219,-0.33546208865865,0.136108672680115,0.934533664646259,-0.752851567979048
605,-23.3333330295649,46.9607499331114,-0.374184855874634,0.136108672680115,0.74043704299539,-1.34676512243621
606,-23.3333333333333,46.9509666666667,-0.309083120790027,0.136108672680115,0.488817284178657,-0.99060543136318
607,-23.3378501804921,47.2254833333333,-0.188026303068864,0.136108672680115,1.47233916918509,-0.342293051308163
608,-23.3423164861745,46.9509666666667,-0.331545282882696,0.136108672680115,0.642760137766601,-0.91164423824068
609,-23.346833029368,47.2156990721808,-0.241933297239744,0.136108672680115,1.68937673688585,0.597777521372961
610,-23.346833029368,47.2352675944859,-0.235189131271109,0.136108672680115,2.06476345767219,0.12056024877747
611,-23.3468333333333,47.2254833333333,0.0444511861287237,0.136108672680115,1.65398817053498,-0.151248458907781
612,-23.3558164861745,47.2254833333333,-0.465569549800165,0.136108672680115,0.852177834186066,-0.25385182715022
613,-23.3964168471588,43.9558666666667,0.256719376939347,0.136108672680115,-0.291858677579177,0.360609819814074
614,-23.4053996951804,43.9460780815638,-0.149851024074247,0.136108672680115,-0.495242513549972,-1.24180697591187
615,-23.4053996951804,43.9656552517695,0.458763948342734,0.136108672680115,0.960788373468404,1.91535933255932
616,-23.4054,43.9558666666667,0.205388670029806,0.136108672680115,0.530912857184015,1.19038191889105
617,-23.4143831528412,43.9558666666667,0.588111043005899,0.136108672680115,0.461317184069634,1.49867083503672
618,-23.5315501804921,46.9852833333333,-0.206580107907702,0.136108672680115,2.03060263696286,-0.483392107439651
619,-23.5315501804921,47.2058666666667,-0.157969832519226,0.136108672680115,1.09975082780081,-1.08411126822012
620,-23.5405330265396,46.9754847177042,-0.0266902013015241,0.136108672680115,2.03204892182012,-0.353794472647372
621,-23.5405330265396,46.9950819489625,6.19358861021078e-05,0.136108672680115,1.92273191061048,0.0311286176702202
622,-23.5405330265396,47.1960680510375,-0.194301567552653,0.136108672680115,0.836008432324392,-1.13305493084378
623,-23.5405330265396,47.2156652822958,-0.304195762575654,0.136108672680115,0.809781839256813,-1.43504052311523
624,-23.5405333333333,46.9852833333333,0.136646254447327,0.136108672680115,1.59563261851826,-0.149172677034836
625,-23.5405333333333,47.2058666666667,-0.341754289946781,0.136108672680115,1.37409592716392,-0.984998789775061
626,-23.5495164861745,46.9852833333333,0.021914083934225,0.136108672680115,1.90206178796331,-0.621926219599338
627,-23.5495164861745,47.2058666666667,-0.119250940799253,0.136108672680115,1.01523115086738,-0.688126114785461
628,-23.5653335138255,43.8627333333333,-0.187794107345894,0.136108672680115,0.976796316752959,-0.252780995318654
629,-23.5743163593788,43.87253446833,-0.192172315649089,0.136108672680115,0.381891173287931,0.393750582240715
630,-23.5743166666667,43.8627333333333,-0.285236243097549,0.136108672680115,0.427655413497763,0.719740666060854
631,-23.5832998195079,43.8627333333333,0.0231370523186113,0.136108672680115,0.767212603676004,0.536906924186042
632,-23.6036168471588,44.1960666666667,-0.0723392989155562,0.136108672680115,-0.218734869143672,0.493688593359781
633,-23.6126,44.1960666666667,-0.0840510399491791,0.136108672680115,0.829018370898284,-0.427840190645281
634,-23.6215831528412,44.1960666666667,-0.0831696569189348,0.136108672680115,-1.54500036937627,-1.58663068204624
635,-23.8108335138255,44.2586166666667,0.0246527477124097,0.136108672680115,0.291900209859616,-1.02971434820779
636,-23.8198163557801,44.248797082017,-0.452660799286294,0.136108672680115,1.04968281783418,2.84339650817215
637,-23.8198163557801,44.2684362513163,-0.0976716577283495,0.136108672680115,-0.178304085989583,-1.08604462074818
638,-23.8287998195079,44.2586166666667,0.0265935180049143,0.136108672680115,0.458087134762588,0.0842374859606989
639,-23.9099335138255,47.3763166666667,-0.0367650068487267,0.136108672680115,-0.0438896023879727,0.559218426898779
640,-23.9189163543236,47.3664895636545,0.251921669071982,0.136108672680115,0.948675652942428,0.148234320846037
641,-23.9189166666667,47.3763166666667,0.528984737572889,0.136108672680115,0.722777906056886,-0.230581252173824
642,-23.9278998195079,47.3763166666667,-0.034024585025252,0.136108672680115,-0.878049028697635,-0.0940111636551512
643,-23.9549496871267,44.0074868197861,-0.0988397910401255,0.136108672680115,0.197090953829364,-0.434805963923811
644,-23.9549496871267,44.0271465135473,-0.0551386652916007,0.136108672680115,1.13990289133893,-0.274940609839502
645,-24.0340830192948,47.2747858917709,-0.107512021071846,0.136108672680115,0.656120597046714,-0.224450424385121
646,-24.0340833333333,47.26495,-0.0403432173988623,0.136108672680115,0.488970981724883,0.495746302131905
647,-24.0430664861745,47.26495,-0.329812387186102,0.136108672680115,-0.507734088147447,-1.16709483572584
648,-24.0675835138255,43.7783166666667,0.189235266381927,0.136108672680115,0.205347928848699,-0.266474775590439
649,-24.0765663520019,43.7684775188362,-0.0954994406993886,0.136108672680115,-0.195027468374657,-0.31066827615864
650,-24.0765663520019,43.7881558144972,-0.269331382788186,0.136108672680115,0.420084265781469,-1.05685401061693
651,-24.0765666666667,43.7783166666667,-0.0160752674190522,0.136108672680115,-0.511705217655516,-0.161859491738029
652,-24.0855498195079,43.7783166666667,-0.196484458153015,0.136108672680115,0.253042481245376,-0.0921104789928506
653,-24.4009168471588,43.8514833333333,0.273598726126102,0.136108672680115,-0.318679650359861,-0.900929345148821
654,-24.4098996804074,43.8416183741814,-0.254037188181545,0.136108672680115,-0.11381354331311,-0.358063600968429
655,-24.4098996804074,43.8613482924853,0.0949113975780601,0.136108672680115,-0.175792322924257,-0.114697589102643
656,-24.4099,43.8514833333333,-0.122704297041645,0.136108672680115,0.486164887923705,-0.836108985175399
657,-24.4188831528412,43.8514833333333,-0.160803045934643,0.136108672680115,0.73187964234409,-0.51837932823206
658,-24.4527168471588,43.9009833333333,-0.268893818819262,0.136108672680115,-0.646714981448139,2.07837082615342
659,-24.4571996797061,44.3614146734872,0.136459124292901,0.136108672680115,-0.328691996321094,0.599131912223856
660,-24.4572,44.3712833333333,0.0319910485064413,0.136108672680115,-0.328049169611198,1.42081597158948
661,-24.4616996796393,43.8911143209176,-0.0165930668719419,0.136108672680115,-1.57113800230139,1.2129828980616
662,-24.4616996796393,43.9108523457491,0.0652084979198651,0.136108672680115,-0.401300192592794,0.762795592475444
663,-24.4617,43.9009833333333,-0.270872829681107,0.136108672680115,-0.132190747960841,0.957949720711068
664,-24.4689335138255,46.8939166666667,0.402794715787398,0.136108672680115,1.12066867893864,-0.397970115022614
665,-24.4706831528412,43.9009833333333,-0.109762116509159,0.136108672680115,-1.83455594611699,1.08847498677953
666,-24.4779163460654,46.9037869503528,-0.0223079039103109,0.136108672680115,-0.160922743081503,-0.474253011549443
667,-24.4779166666667,46.8939166666667,0.358735557566402,0.136108672680115,0.77057231934289,0.914933310121585
668,-24.4868998195079,46.8939166666667,0.0572350885576032,0.136108672680115,-0.215693540537937,-0.530558046998036
669,-24.5270501804921,44.0123666666667,-0.0573408076781551,0.136108672680115,0.109583503813132,-0.480966275143208
670,-24.5360330118693,44.0024918178595,-0.0154318966207117,0.136108672680115,-0.410752601166823,-0.0011182598405942
671,-24.5360330118693,44.0222415154738,-0.027191585409038,0.136108672680115,0.998418078919849,1.18001129207118
672,-24.5360333333333,44.0123666666667,0.0276031546746287,0.136108672680115,0.32668192151712,1.89439347041863
673,-24.5450164861745,44.0123666666667,-0.02606112847565,0.136108672680115,-0.184230440243425,-0.187288326108593
674,-24.5585835138255,46.3960333333333,0.0381508422486698,0.136108672680115,0.152531810713785,-1.24270878225208
675,-24.5675663447342,46.3861560015301,-0.144859287608888,0.136108672680115,0.0316058134330291,0.303267036428111
676,-24.5675666666667,46.3960333333333,-0.127249002526756,0.136108672680115,-0.201004025239448,-1.624216535085
677,-24.5765498195079,46.3960333333333,0.0354937510839265,0.136108672680115,0.126025121483222,-0.240545720697884
678,-24.5946168471588,44.5891,0.092333601160393,0.136108672680115,0.194497675189154,1.20286493226511
679,-24.5991168471588,45.9776,-0.269990183306043,0.136108672680115,1.87420997631958,0.353631996999614
680,-24.6035996775319,44.579219825668,0.552822752206552,0.136108672680115,-0.837032803493054,0.700047084332323
681,-24.6035996775319,44.598980174332,0.319592963022236,0.136108672680115,0.841080567649773,-0.111519536715122
682,-24.6036,44.5891,0.0238311378531181,0.136108672680115,0.93041999447113,-0.0245500448207888
683,-24.608099677465,45.9677194702912,0.111767271289974,0.136108672680115,0.925596923697411,-1.00846356026235
684,-24.608099677465,45.9874805297088,0.105413998455231,0.136108672680115,1.11769425593584,-0.166756656069841
685,-24.6126335138255,46.7142833333333,0.091188229950745,0.136108672680115,0.561601027766202,-2.007189042237
686,-24.6170831528412,45.9776,-0.205329772656554,0.136108672680115,0.302235627935557,-0.746824410520863
687,-24.6216163439307,46.7241649310092,-0.426531507763327,0.136108672680115,1.07201988637894,-2.67715975547577
688,-24.6216166666667,46.7142833333333,0.129220209178497,0.136108672680115,1.57441119282744,0.525049560554001
689,-24.6305998195079,46.7142833333333,-0.355591734967322,0.136108672680115,1.85583222966405,-1.53028884512958
690,-24.6441668471588,46.1287,-0.106077890023726,0.136108672680115,-0.0434237063169168,-1.10001768465404
691,-24.6531496767949,46.1188159078032,-0.0524626636409265,0.136108672680115,-0.848547147873743,0.147597241786389
692,-24.6531496767949,46.1385840921968,0.143383156123725,0.136108672680115,0.734429937823703,-0.460272682653594
693,-24.65315,46.1287,-0.023715260683671,0.136108672680115,0.350293330182275,0.806367201179956
694,-24.6621331528412,46.1287,0.349378241453794,0.136108672680115,0.721878756596479,1.33306681301737
695,-24.6757001804921,44.4207833333333,-0.0601877197893641,0.136108672680115,-0.752334220488589,-0.221812635073809
696,-24.6846830096589,44.4108967423604,-0.00724493590320847,0.136108672680115,-1.72065333147087,-0.925569638289888
697,-24.6846830096589,44.4306699243062,0.0803336546866125,0.136108672680115,-0.108270328334791,1.19154284853858
698,-24.6846833333333,44.4207833333333,-0.142005681565877,0.136108672680115,-1.4811473515301,-0.573164727995228
699,-24.6936664861745,44.4207833333333,-0.0467648985234604,0.136108672680115,-0.444597627631286,0.60029296206748
700,-24.7342501804921,44.0297,-0.251270984329585,0.136108672680115,-0.434797326180253,1.135346501087
701,-24.7432330087868,44.0395912419152,-0.188203055569384,0.136108672680115,-0.518576975899315,0.886304608318475
702,-24.7432333333333,44.0297,-0.158009104822861,0.136108672680115,0.0394025087341931,0.949366526962234
703,-24.7522164861745,44.0297,0.0154980600550392,0.136108672680115,-0.686800309841866,0.425171076140371
704,-24.7590335138254,47.1782166666667,-0.237664314882232,0.136108672680115,1.02131699202345,1.20233044255296
705,-24.7680163417508,47.1683234516463,-0.202272392491166,0.136108672680115,1.35340670676727,-1.05753059230411
706,-24.7680166666667,47.1782166666667,-0.277515415737069,0.136108672680115,0.685582783816498,0.345441443577065
707,-24.7769998195079,47.1782166666667,-0.814605272765901,0.136108672680115,0.510029369102012,-0.251872086940237
708,-24.8423668471588,46.5792,-0.504020122399919,0.136108672680115,0.200500616939358,-1.0431730600713
709,-24.8491168471588,44.8333333333333,-0.158489868693013,0.136108672680115,0.36805028728436,-0.479380677936989
710,-24.851349673841,46.5693001310938,-0.464260008989186,0.136108672680115,-0.195025949550457,0.0594033986254789
711,-24.851349673841,46.5890998689062,-0.506982511937332,0.136108672680115,0.0847628182465718,-0.269978371183567
712,-24.85135,46.5792,-0.219814353053749,0.136108672680115,0.595631793127374,0.10571910095834
713,-24.8513668471588,44.5321666666667,0.334351430153303,0.136108672680115,-1.57393398357278,-0.443018239993082
714,-24.8580996737403,44.8234329241534,-0.164471816033597,0.136108672680115,0.498720161460862,0.334073292809791
715,-24.8580996737403,44.8432337425133,0.0491378572882714,0.136108672680115,-0.115524147581186,-0.790367362125911
716,-24.8581,44.8333333333333,-0.193298003637228,0.136108672680115,0.313918499970469,0.751197448520908
717,-24.8603331528412,46.5792,-0.61066843243979,0.136108672680115,-0.601529529868248,-0.339438999210439
718,-24.8603496737067,44.5222660773518,-0.248530315463026,0.136108672680115,-2.20983416187173,-1.08790413300282
719,-24.8603496737067,44.5420672559815,-0.171603165339434,0.136108672680115,0.147799874931156,-1.60793592227138
720,-24.86035,44.5321666666667,0.17921725872758,0.136108672680115,0.630918471960488,-0.311552476606497
721,-24.8670831528412,44.8333333333333,-0.204760014717489,0.136108672680115,-0.228257023615484,-0.49296883067111
722,-24.8693331528412,44.5321666666667,-0.0930445413220234,0.136108672680115,-0.447492510222316,-0.517513307810324
723,-25.011249671451,44.8433206130706,-0.0489353926517512,0.136108672680115,-0.43885308516628,0.0288354104122814
724,-25.011249671451,44.863146053596,-0.0290214850259692,0.136108672680115,-0.32565768632631,-0.0827073192752528
725,-25.01125,44.8532333333333,-0.0592146064363214,0.136108672680115,0.066209509801676,0.0650770847751461
726,-25.0157835138255,44.3855666666667,-0.112298273907328,0.136108672680115,-0.236411101558028,-0.00488711766131088
727,-25.0202331528412,44.8532333333333,-0.00764100445633654,0.136108672680115,-1.02077463541619,0.380503797764938
728,-25.0247663379154,44.3756528549823,-0.102668889006387,0.136108672680115,-0.307154410179628,-0.00134388837286438
729,-25.0247663379154,44.395480478351,0.0192283703883907,0.136108672680115,0.186106477219815,-0.265242771709087
730,-25.0247666666667,44.3855666666667,0.156814745270232,0.136108672680115,0.369237032047408,-1.00898666476521
731,-25.0337498195079,44.3855666666667,0.0202444156276844,0.136108672680115,0.0671741933917844,-1.08847188609554
732,-25.0383001804921,45.79,0.267494504930329,0.136108672680115,-0.470271111416837,0.23158450241997
733,-25.0472830042449,45.7800843684175,0.016705813726713,0.136108672680115,-0.202561590737333,0.511384960531289
734,-25.0472830042449,45.7999156315825,0.115453663385658,0.136108672680115,-0.466949521209514,0.736817909438416
735,-25.0472833333333,45.79,-0.0932450944715893,0.136108672680115,1.80573064418706,-0.0371081688077781
736,-25.0562664861745,45.79,0.112489530139564,0.136108672680115,0.60544848210903,0.801170576055713
737,-25.0743501804921,45.665,-0.106714383744344,0.136108672680115,1.45461082388532,0.201727511170918
738,-25.0833330037049,45.6550814501126,-0.0705877969814856,0.136108672680115,0.5677920497747,-0.189215072182756
739,-25.0833330037049,45.6749185498874,0.146220695464422,0.136108672680115,0.188886018081317,0.0291566936943068
740,-25.0833333333333,45.665,-0.0563060633198035,0.136108672680115,0.634561874609399,1.42922393866012
741,-25.0923164861745,45.665,0.250090718913233,0.136108672680115,0.951190022498167,0.435918868598202
742,-25.2522496678371,45.395067700697,-0.367418576476191,0.136108672680115,0.0713031072115776,0.110894404708294
743,-25.2522496678371,45.414932299303,-0.3825701221538,0.136108672680115,-0.307408148774091,0.197841530343326
744,-25.25225,45.405,0.137917819747788,0.136108672680115,-0.855877004755139,-0.290650302350516
745,-25.2612331528412,45.405,-0.205248751732902,0.136108672680115,-0.709360111239367,0.676945400606433
746,-25.2702835138255,44.86,0.00647526166629152,0.136108672680115,0.317169263120095,1.02063546382803
747,-25.2792663340978,44.8500654900531,-0.0332341929989854,0.136108672680115,0.447265497659414,-0.13712408223303
748,-25.2792663340978,44.8699345099469,0.240852527820184,0.136108672680115,-1.35441847923379,-0.299388623306841
749,-25.2792666666667,44.86,-0.113143383264466,0.136108672680115,-0.0987456660919699,0.416794070469935
750,-25.2882498195079,44.86,-0.166886517505015,0.136108672680115,0.0920097586173986,-0.0826602266127801
751,-25.4391829983574,45.4050523393282,-0.065277674541056,0.136108672680115,-1.25057464110723,0.892756387232054
752,-25.4391833333333,45.415,-0.202325350061842,0.136108672680115,-0.596935505964143,-0.079716549126223
753,-25.4481664861745,45.415,-0.219587377723647,0.136108672680115,-0.570801472251334,0.176668938089097
